<?xml version="1.0" encoding="UTF-8"?>
<tiny_elements_files_with_license>
  <just-boxes id="1">
    <row>
      <id>2935</id>
      <filename>Do3.svg</filename>
      <source>www.dunjarama.com</source>
      <author>@Dunjarama (by Dunja Speckner💛)</author>
      <license>
        <shortname>cc-sa-4.0</shortname>
        <fullname>Creative Commons - ShareAlike 4.0 International</fullname>
        <source>https://creativecommons.org/licenses/by-sa/4.0/</source>
      </license>
    </row>
    <row>
      <id>2937</id>
      <filename>Dontdo2.svg</filename>
      <source>www.dunjarama.com</source>
      <author>@Dunjarama (by Dunja Speckner💛)</author>
      <license>
        <shortname>cc-sa-4.0</shortname>
        <fullname>Creative Commons - ShareAlike 4.0 International</fullname>
        <source>https://creativecommons.org/licenses/by-sa/4.0/</source>
      </license>
    </row>
    <row>
      <id>2938</id>
      <filename>Icon89new.svg</filename>
      <source>www.dunjarama.com</source>
      <author>@Dunjarama (by Dunja Speckner💛)</author>
      <license>
        <shortname>cc-sa-4.0</shortname>
        <fullname>Creative Commons - ShareAlike 4.0 International</fullname>
        <source>https://creativecommons.org/licenses/by-sa/4.0/</source>
      </license>
    </row>
    <row>
      <id>2939</id>
      <filename>Titleblue.svg</filename>
      <source>www.dunjarama.com</source>
      <author>@Dunjarama (by Dunja Speckner💛)</author>
      <license>
        <shortname>cc-sa-4.0</shortname>
        <fullname>Creative Commons - ShareAlike 4.0 International</fullname>
        <source>https://creativecommons.org/licenses/by-sa/4.0/</source>
      </license>
    </row>
    <row>
      <id>2940</id>
      <filename>Weißblau.svg</filename>
      <source>www.dunjarama.com</source>
      <author>@Dunjarama (by Dunja Speckner💛)</author>
      <license>
        <shortname>cc-sa-4.0</shortname>
        <fullname>Creative Commons - ShareAlike 4.0 International</fullname>
        <source>https://creativecommons.org/licenses/by-sa/4.0/</source>
      </license>
    </row>
    <row>
      <id>2941</id>
      <filename>Whitevariant.svg</filename>
      <source>www.dunjarama.com</source>
      <author>@Dunjarama (by Dunja Speckner💛)</author>
      <license>
        <shortname>cc-sa-4.0</shortname>
        <fullname>Creative Commons - ShareAlike 4.0 International</fullname>
        <source>https://creativecommons.org/licenses/by-sa/4.0/</source>
      </license>
    </row>
    <row>
      <id>2942</id>
      <filename>do-doodle.svg</filename>
      <source>www.dunjarama.com</source>
      <author>@Dunjarama (by Dunja Speckner💛)</author>
      <license>
        <shortname>cc-sa-4.0</shortname>
        <fullname>Creative Commons - ShareAlike 4.0 International</fullname>
        <source>https://creativecommons.org/licenses/by-sa/4.0/</source>
      </license>
    </row>
    <row>
      <id>2944</id>
      <filename>do-doodle2.svg</filename>
      <source>www.dunjarama.com</source>
      <author>@Dunjarama (by Dunja Speckner💛)</author>
      <license>
        <shortname>cc-sa-4.0</shortname>
        <fullname>Creative Commons - ShareAlike 4.0 International</fullname>
        <source>https://creativecommons.org/licenses/by-sa/4.0/</source>
      </license>
    </row>
    <row>
      <id>2945</id>
      <filename>do-icon.svg</filename>
      <source>www.dunjarama.com</source>
      <author>@Dunjarama (by Dunja Speckner💛)</author>
      <license>
        <shortname>cc-sa-4.0</shortname>
        <fullname>Creative Commons - ShareAlike 4.0 International</fullname>
        <source>https://creativecommons.org/licenses/by-sa/4.0/</source>
      </license>
    </row>
    <row>
      <id>2946</id>
      <filename>do-sketchnote.svg</filename>
      <source>www.dunjarama.com</source>
      <author>@Dunjarama (by Dunja Speckner💛)</author>
      <license>
        <shortname>cc-sa-4.0</shortname>
        <fullname>Creative Commons - ShareAlike 4.0 International</fullname>
        <source>https://creativecommons.org/licenses/by-sa/4.0/</source>
      </license>
    </row>
    <row>
      <id>2947</id>
      <filename>dont-do-doodle.svg</filename>
      <source>www.dunjarama.com</source>
      <author>@Dunjarama (by Dunja Speckner💛)</author>
      <license>
        <shortname>cc-sa-4.0</shortname>
        <fullname>Creative Commons - ShareAlike 4.0 International</fullname>
        <source>https://creativecommons.org/licenses/by-sa/4.0/</source>
      </license>
    </row>
    <row>
      <id>2948</id>
      <filename>dont-do-doodle2.svg</filename>
      <source>www.dunjarama.com</source>
      <author>@Dunjarama (by Dunja Speckner💛)</author>
      <license>
        <shortname>cc-sa-4.0</shortname>
        <fullname>Creative Commons - ShareAlike 4.0 International</fullname>
        <source>https://creativecommons.org/licenses/by-sa/4.0/</source>
      </license>
    </row>
    <row>
      <id>2949</id>
      <filename>dont-do-sketchnote.svg</filename>
      <source>www.dunjarama.com</source>
      <author>@Dunjarama (by Dunja Speckner💛)</author>
      <license>
        <shortname>cc-sa-4.0</shortname>
        <fullname>Creative Commons - ShareAlike 4.0 International</fullname>
        <source>https://creativecommons.org/licenses/by-sa/4.0/</source>
      </license>
    </row>
    <row>
      <id>2950</id>
      <filename>dontdo-icon.svg</filename>
      <source>www.dunjarama.com</source>
      <author>@Dunjarama (by Dunja Speckner💛)</author>
      <license>
        <shortname>cc-sa-4.0</shortname>
        <fullname>Creative Commons - ShareAlike 4.0 International</fullname>
        <source>https://creativecommons.org/licenses/by-sa/4.0/</source>
      </license>
    </row>
    <row>
      <id>2951</id>
      <filename>feedback-doodle.svg</filename>
      <source>www.dunjarama.com</source>
      <author>@Dunjarama (by Dunja Speckner💛)</author>
      <license>
        <shortname>cc-sa-4.0</shortname>
        <fullname>Creative Commons - ShareAlike 4.0 International</fullname>
        <source>https://creativecommons.org/licenses/by-sa/4.0/</source>
      </license>
    </row>
    <row>
      <id>2952</id>
      <filename>feedback-icon.svg</filename>
      <source>www.dunjarama.com</source>
      <author>@Dunjarama (by Dunja Speckner💛)</author>
      <license>
        <shortname>cc-sa-4.0</shortname>
        <fullname>Creative Commons - ShareAlike 4.0 International</fullname>
        <source>https://creativecommons.org/licenses/by-sa/4.0/</source>
      </license>
    </row>
    <row>
      <id>2953</id>
      <filename>feedback-sketchnote.svg</filename>
      <source>www.dunjarama.com</source>
      <author>@Dunjarama (by Dunja Speckner💛)</author>
      <license>
        <shortname>cc-sa-4.0</shortname>
        <fullname>Creative Commons - ShareAlike 4.0 International</fullname>
        <source>https://creativecommons.org/licenses/by-sa/4.0/</source>
      </license>
    </row>
    <row>
      <id>2954</id>
      <filename>problem-doodle.svg</filename>
      <source>www.dunjarama.com</source>
      <author>@Dunjarama (by Dunja Speckner💛)</author>
      <license>
        <shortname>cc-sa-4.0</shortname>
        <fullname>Creative Commons - ShareAlike 4.0 International</fullname>
        <source>https://creativecommons.org/licenses/by-sa/4.0/</source>
      </license>
    </row>
    <row>
      <id>2955</id>
      <filename>problem-icon.svg</filename>
      <source>www.dunjarama.com</source>
      <author>@Dunjarama (by Dunja Speckner💛)</author>
      <license>
        <shortname>cc-sa-4.0</shortname>
        <fullname>Creative Commons - ShareAlike 4.0 International</fullname>
        <source>https://creativecommons.org/licenses/by-sa/4.0/</source>
      </license>
    </row>
    <row>
      <id>2956</id>
      <filename>problem-sketchnote.svg</filename>
      <source>www.dunjarama.com</source>
      <author>@Dunjarama (by Dunja Speckner💛)</author>
      <license>
        <shortname>cc-sa-4.0</shortname>
        <fullname>Creative Commons - ShareAlike 4.0 International</fullname>
        <source>https://creativecommons.org/licenses/by-sa/4.0/</source>
      </license>
    </row>
    <row>
      <id>2957</id>
      <filename>scenario-doodle.svg</filename>
      <source>www.dunjarama.com</source>
      <author>@Dunjarama (by Dunja Speckner💛)</author>
      <license>
        <shortname>cc-sa-4.0</shortname>
        <fullname>Creative Commons - ShareAlike 4.0 International</fullname>
        <source>https://creativecommons.org/licenses/by-sa/4.0/</source>
      </license>
    </row>
    <row>
      <id>2958</id>
      <filename>scenario-icon.svg</filename>
      <source>www.dunjarama.com</source>
      <author>@Dunjarama (by Dunja Speckner💛)</author>
      <license>
        <shortname>cc-sa-4.0</shortname>
        <fullname>Creative Commons - ShareAlike 4.0 International</fullname>
        <source>https://creativecommons.org/licenses/by-sa/4.0/</source>
      </license>
    </row>
    <row>
      <id>2959</id>
      <filename>scenario-sketchnote.svg</filename>
      <source>www.dunjarama.com</source>
      <author>@Dunjarama (by Dunja Speckner💛)</author>
      <license>
        <shortname>cc-sa-4.0</shortname>
        <fullname>Creative Commons - ShareAlike 4.0 International</fullname>
        <source>https://creativecommons.org/licenses/by-sa/4.0/</source>
      </license>
    </row>
    <row>
      <id>2960</id>
      <filename>task-doodle.svg</filename>
      <source>www.dunjarama.com</source>
      <author>@Dunjarama (by Dunja Speckner💛)</author>
      <license>
        <shortname>cc-sa-4.0</shortname>
        <fullname>Creative Commons - ShareAlike 4.0 International</fullname>
        <source>https://creativecommons.org/licenses/by-sa/4.0/</source>
      </license>
    </row>
    <row>
      <id>2961</id>
      <filename>task-icon.svg</filename>
      <source>www.dunjarama.com</source>
      <author>@Dunjarama (by Dunja Speckner💛)</author>
      <license>
        <shortname>cc-sa-4.0</shortname>
        <fullname>Creative Commons - ShareAlike 4.0 International</fullname>
        <source>https://creativecommons.org/licenses/by-sa/4.0/</source>
      </license>
    </row>
    <row>
      <id>2962</id>
      <filename>task-skechtnoe.svg</filename>
      <source>www.dunjarama.com</source>
      <author>@Dunjarama (by Dunja Speckner💛)</author>
      <license>
        <shortname>cc-sa-4.0</shortname>
        <fullname>Creative Commons - ShareAlike 4.0 International</fullname>
        <source>https://creativecommons.org/licenses/by-sa/4.0/</source>
      </license>
    </row>
    <row>
      <id>2963</id>
      <filename>tip-doodle.svg</filename>
      <source>www.dunjarama.com</source>
      <author>@Dunjarama (by Dunja Speckner💛)</author>
      <license>
        <shortname>cc-sa-4.0</shortname>
        <fullname>Creative Commons - ShareAlike 4.0 International</fullname>
        <source>https://creativecommons.org/licenses/by-sa/4.0/</source>
      </license>
    </row>
    <row>
      <id>2964</id>
      <filename>tip-icon.svg</filename>
      <source>www.dunjarama.com</source>
      <author>@Dunjarama (by Dunja Speckner💛)</author>
      <license>
        <shortname>cc-sa-4.0</shortname>
        <fullname>Creative Commons - ShareAlike 4.0 International</fullname>
        <source>https://creativecommons.org/licenses/by-sa/4.0/</source>
      </license>
    </row>
    <row>
      <id>2965</id>
      <filename>tip-sketchnote.svg</filename>
      <source>www.dunjarama.com</source>
      <author>@Dunjarama (by Dunja Speckner💛)</author>
      <license>
        <shortname>cc-sa-4.0</shortname>
        <fullname>Creative Commons - ShareAlike 4.0 International</fullname>
        <source>https://creativecommons.org/licenses/by-sa/4.0/</source>
      </license>
    </row>
    <row>
      <id>2966</id>
      <filename>Titel.svg</filename>
      <source>www.dunjarama.com</source>
      <author>@Dunjarama (by Dunja Speckner💛)</author>
      <license>
        <shortname>cc-sa-4.0</shortname>
        <fullname>Creative Commons - ShareAlike 4.0 International</fullname>
        <source>https://creativecommons.org/licenses/by-sa/4.0/</source>
      </license>
    </row>
  </just-boxes>
</tiny_elements_files_with_license>