<?xml version="1.0" encoding="UTF-8"?>
<tiny_elements_files_with_license>
  <sketchpals id="2">
    <row>
      <id>2967</id>
      <filename>Doodleblau.svg</filename>
      <source>www.dunjarama.com</source>
      <author>@Dunjarama (by Dunja Speckner💛)</author>
      <license>
        <shortname>cc-sa-4.0</shortname>
        <fullname>Creative Commons - ShareAlike 4.0 International</fullname>
        <source>https://creativecommons.org/licenses/by-sa/4.0/</source>
      </license>
    </row>
    <row>
      <id>2969</id>
      <filename>Icon89new.svg</filename>
      <source>www.dunjarama.com</source>
      <author>@Dunjarama (by Dunja Speckner💛)</author>
      <license>
        <shortname>cc-sa-4.0</shortname>
        <fullname>Creative Commons - ShareAlike 4.0 International</fullname>
        <source>https://creativecommons.org/licenses/by-sa/4.0/</source>
      </license>
    </row>
    <row>
      <id>2970</id>
      <filename>Titel.svg</filename>
      <source>www.dunjarama.com</source>
      <author>@Dunjarama (by Dunja Speckner💛)</author>
      <license>
        <shortname>cc-sa-4.0</shortname>
        <fullname>Creative Commons - ShareAlike 4.0 International</fullname>
        <source>https://creativecommons.org/licenses/by-sa/4.0/</source>
      </license>
    </row>
    <row>
      <id>2971</id>
      <filename>Weiss.svg</filename>
      <source>www.dunjarama.com</source>
      <author>@Dunjarama (by Dunja Speckner💛)</author>
      <license>
        <shortname>cc-sa-4.0</shortname>
        <fullname>Creative Commons - ShareAlike 4.0 International</fullname>
        <source>https://creativecommons.org/licenses/by-sa/4.0/</source>
      </license>
    </row>
    <row>
      <id>2972</id>
      <filename>Whitevariant.svg</filename>
      <source>www.dunjarama.com</source>
      <author>@Dunjarama (by Dunja Speckner💛)</author>
      <license>
        <shortname>cc-sa-4.0</shortname>
        <fullname>Creative Commons - ShareAlike 4.0 International</fullname>
        <source>https://creativecommons.org/licenses/by-sa/4.0/</source>
      </license>
    </row>
    <row>
      <id>2973</id>
      <filename>reflect-change-view-doodle.svg</filename>
      <source>www.dunjarama.com</source>
      <author>@Dunjarama (by Dunja Speckner💛)</author>
      <license>
        <shortname>cc-sa-4.0</shortname>
        <fullname>Creative Commons - ShareAlike 4.0 International</fullname>
        <source>https://creativecommons.org/licenses/by-sa/4.0/</source>
      </license>
    </row>
    <row>
      <id>2975</id>
      <filename>reflect-change-view-icon.svg</filename>
      <source>www.dunjarama.com</source>
      <author>@Dunjarama (by Dunja Speckner💛)</author>
      <license>
        <shortname>cc-sa-4.0</shortname>
        <fullname>Creative Commons - ShareAlike 4.0 International</fullname>
        <source>https://creativecommons.org/licenses/by-sa/4.0/</source>
      </license>
    </row>
    <row>
      <id>2976</id>
      <filename>reflect-change-view-sketchnote.svg</filename>
      <source>www.dunjarama.com</source>
      <author>@Dunjarama (by Dunja Speckner💛)</author>
      <license>
        <shortname>cc-sa-4.0</shortname>
        <fullname>Creative Commons - ShareAlike 4.0 International</fullname>
        <source>https://creativecommons.org/licenses/by-sa/4.0/</source>
      </license>
    </row>
    <row>
      <id>2977</id>
      <filename>reflect-deepen-doodle.svg</filename>
      <source>www.dunjarama.com</source>
      <author>@Dunjarama (by Dunja Speckner💛)</author>
      <license>
        <shortname>cc-sa-4.0</shortname>
        <fullname>Creative Commons - ShareAlike 4.0 International</fullname>
        <source>https://creativecommons.org/licenses/by-sa/4.0/</source>
      </license>
    </row>
    <row>
      <id>2978</id>
      <filename>reflect-deepen-icon.svg</filename>
      <source>www.dunjarama.com</source>
      <author>@Dunjarama (by Dunja Speckner💛)</author>
      <license>
        <shortname>cc-sa-4.0</shortname>
        <fullname>Creative Commons - ShareAlike 4.0 International</fullname>
        <source>https://creativecommons.org/licenses/by-sa/4.0/</source>
      </license>
    </row>
    <row>
      <id>2979</id>
      <filename>reflect-deepen-sketchnote.svg</filename>
      <source>www.dunjarama.com</source>
      <author>@Dunjarama (by Dunja Speckner💛)</author>
      <license>
        <shortname>cc-sa-4.0</shortname>
        <fullname>Creative Commons - ShareAlike 4.0 International</fullname>
        <source>https://creativecommons.org/licenses/by-sa/4.0/</source>
      </license>
    </row>
    <row>
      <id>2980</id>
      <filename>reflect-guidance-doodle.svg</filename>
      <source>www.dunjarama.com</source>
      <author>@Dunjarama (by Dunja Speckner💛)</author>
      <license>
        <shortname>cc-sa-4.0</shortname>
        <fullname>Creative Commons - ShareAlike 4.0 International</fullname>
        <source>https://creativecommons.org/licenses/by-sa/4.0/</source>
      </license>
    </row>
    <row>
      <id>2981</id>
      <filename>reflect-guidance-icon.svg</filename>
      <source>www.dunjarama.com</source>
      <author>@Dunjarama (by Dunja Speckner💛)</author>
      <license>
        <shortname>cc-sa-4.0</shortname>
        <fullname>Creative Commons - ShareAlike 4.0 International</fullname>
        <source>https://creativecommons.org/licenses/by-sa/4.0/</source>
      </license>
    </row>
    <row>
      <id>2982</id>
      <filename>reflect-guidance-sketchnote.svg</filename>
      <source>www.dunjarama.com</source>
      <author>@Dunjarama (by Dunja Speckner💛)</author>
      <license>
        <shortname>cc-sa-4.0</shortname>
        <fullname>Creative Commons - ShareAlike 4.0 International</fullname>
        <source>https://creativecommons.org/licenses/by-sa/4.0/</source>
      </license>
    </row>
    <row>
      <id>2983</id>
      <filename>reflect-listeningtask-doodle.svg</filename>
      <source>www.dunjarama.com</source>
      <author>@Dunjarama (by Dunja Speckner💛)</author>
      <license>
        <shortname>cc-sa-4.0</shortname>
        <fullname>Creative Commons - ShareAlike 4.0 International</fullname>
        <source>https://creativecommons.org/licenses/by-sa/4.0/</source>
      </license>
    </row>
    <row>
      <id>2984</id>
      <filename>reflect-listeningtask-icon.svg</filename>
      <source>www.dunjarama.com</source>
      <author>@Dunjarama (by Dunja Speckner💛)</author>
      <license>
        <shortname>cc-sa-4.0</shortname>
        <fullname>Creative Commons - ShareAlike 4.0 International</fullname>
        <source>https://creativecommons.org/licenses/by-sa/4.0/</source>
      </license>
    </row>
    <row>
      <id>2985</id>
      <filename>reflect-listeningtask-sketchnote.svg</filename>
      <source>www.dunjarama.com</source>
      <author>@Dunjarama (by Dunja Speckner💛)</author>
      <license>
        <shortname>cc-sa-4.0</shortname>
        <fullname>Creative Commons - ShareAlike 4.0 International</fullname>
        <source>https://creativecommons.org/licenses/by-sa/4.0/</source>
      </license>
    </row>
    <row>
      <id>2986</id>
      <filename>reflect-pro-contra-doodle.svg</filename>
      <source>www.dunjarama.com</source>
      <author>@Dunjarama (by Dunja Speckner💛)</author>
      <license>
        <shortname>cc-sa-4.0</shortname>
        <fullname>Creative Commons - ShareAlike 4.0 International</fullname>
        <source>https://creativecommons.org/licenses/by-sa/4.0/</source>
      </license>
    </row>
    <row>
      <id>2987</id>
      <filename>reflect-pro-contra-icon.svg</filename>
      <source>www.dunjarama.com</source>
      <author>@Dunjarama (by Dunja Speckner💛)</author>
      <license>
        <shortname>cc-sa-4.0</shortname>
        <fullname>Creative Commons - ShareAlike 4.0 International</fullname>
        <source>https://creativecommons.org/licenses/by-sa/4.0/</source>
      </license>
    </row>
    <row>
      <id>2988</id>
      <filename>reflect-pro-contra-sketchnote.svg</filename>
      <source>www.dunjarama.com</source>
      <author>@Dunjarama (by Dunja Speckner💛)</author>
      <license>
        <shortname>cc-sa-4.0</shortname>
        <fullname>Creative Commons - ShareAlike 4.0 International</fullname>
        <source>https://creativecommons.org/licenses/by-sa/4.0/</source>
      </license>
    </row>
    <row>
      <id>2989</id>
      <filename>reflect-read-thoroughly-doodle.svg</filename>
      <source>www.dunjarama.com</source>
      <author>@Dunjarama (by Dunja Speckner💛)</author>
      <license>
        <shortname>cc-sa-4.0</shortname>
        <fullname>Creative Commons - ShareAlike 4.0 International</fullname>
        <source>https://creativecommons.org/licenses/by-sa/4.0/</source>
      </license>
    </row>
    <row>
      <id>2990</id>
      <filename>reflect-read-thoroughly-icon.svg</filename>
      <source>www.dunjarama.com</source>
      <author>@Dunjarama (by Dunja Speckner💛)</author>
      <license>
        <shortname>cc-sa-4.0</shortname>
        <fullname>Creative Commons - ShareAlike 4.0 International</fullname>
        <source>https://creativecommons.org/licenses/by-sa/4.0/</source>
      </license>
    </row>
    <row>
      <id>2991</id>
      <filename>reflect-read-thoroughly-sketchnote.svg</filename>
      <source>www.dunjarama.com</source>
      <author>@Dunjarama (by Dunja Speckner💛)</author>
      <license>
        <shortname>cc-sa-4.0</shortname>
        <fullname>Creative Commons - ShareAlike 4.0 International</fullname>
        <source>https://creativecommons.org/licenses/by-sa/4.0/</source>
      </license>
    </row>
    <row>
      <id>2992</id>
      <filename>reflect-scenario-doodle.svg</filename>
      <source>www.dunjarama.com</source>
      <author>@Dunjarama (by Dunja Speckner💛)</author>
      <license>
        <shortname>cc-sa-4.0</shortname>
        <fullname>Creative Commons - ShareAlike 4.0 International</fullname>
        <source>https://creativecommons.org/licenses/by-sa/4.0/</source>
      </license>
    </row>
    <row>
      <id>2993</id>
      <filename>reflect-scenario-icon.svg</filename>
      <source>www.dunjarama.com</source>
      <author>@Dunjarama (by Dunja Speckner💛)</author>
      <license>
        <shortname>cc-sa-4.0</shortname>
        <fullname>Creative Commons - ShareAlike 4.0 International</fullname>
        <source>https://creativecommons.org/licenses/by-sa/4.0/</source>
      </license>
    </row>
    <row>
      <id>2994</id>
      <filename>reflect-scenario-sketchnote.svg</filename>
      <source>www.dunjarama.com</source>
      <author>@Dunjarama (by Dunja Speckner💛)</author>
      <license>
        <shortname>cc-sa-4.0</shortname>
        <fullname>Creative Commons - ShareAlike 4.0 International</fullname>
        <source>https://creativecommons.org/licenses/by-sa/4.0/</source>
      </license>
    </row>
    <row>
      <id>2995</id>
      <filename>reflect-video-doodle.svg</filename>
      <source>www.dunjarama.com</source>
      <author>@Dunjarama (by Dunja Speckner💛)</author>
      <license>
        <shortname>cc-sa-4.0</shortname>
        <fullname>Creative Commons - ShareAlike 4.0 International</fullname>
        <source>https://creativecommons.org/licenses/by-sa/4.0/</source>
      </license>
    </row>
    <row>
      <id>2996</id>
      <filename>reflect-video-icon.svg</filename>
      <source>www.dunjarama.com</source>
      <author>@Dunjarama (by Dunja Speckner💛)</author>
      <license>
        <shortname>cc-sa-4.0</shortname>
        <fullname>Creative Commons - ShareAlike 4.0 International</fullname>
        <source>https://creativecommons.org/licenses/by-sa/4.0/</source>
      </license>
    </row>
    <row>
      <id>2997</id>
      <filename>reflect-video-sketchnote.svg</filename>
      <source>www.dunjarama.com</source>
      <author>@Dunjarama (by Dunja Speckner💛)</author>
      <license>
        <shortname>cc-sa-4.0</shortname>
        <fullname>Creative Commons - ShareAlike 4.0 International</fullname>
        <source>https://creativecommons.org/licenses/by-sa/4.0/</source>
      </license>
    </row>
    <row>
      <id>2998</id>
      <filename>present-groupdiscussion-doodle.svg</filename>
      <source>www.dunjarama.com</source>
      <author>@Dunjarama (by Dunja Speckner💛)</author>
      <license>
        <shortname>cc-sa-4.0</shortname>
        <fullname>Creative Commons - ShareAlike 4.0 International</fullname>
        <source>https://creativecommons.org/licenses/by-sa/4.0/</source>
      </license>
    </row>
    <row>
      <id>3000</id>
      <filename>present-groupdiscussion-icon.svg</filename>
      <source>www.dunjarama.com</source>
      <author>@Dunjarama (by Dunja Speckner💛)</author>
      <license>
        <shortname>cc-sa-4.0</shortname>
        <fullname>Creative Commons - ShareAlike 4.0 International</fullname>
        <source>https://creativecommons.org/licenses/by-sa/4.0/</source>
      </license>
    </row>
    <row>
      <id>3001</id>
      <filename>present-groupdiscussion-sketchnote.svg</filename>
      <source>www.dunjarama.com</source>
      <author>@Dunjarama (by Dunja Speckner💛)</author>
      <license>
        <shortname>cc-sa-4.0</shortname>
        <fullname>Creative Commons - ShareAlike 4.0 International</fullname>
        <source>https://creativecommons.org/licenses/by-sa/4.0/</source>
      </license>
    </row>
    <row>
      <id>3002</id>
      <filename>present-make-infographic-doodle.svg</filename>
      <source>www.dunjarama.com</source>
      <author>@Dunjarama (by Dunja Speckner💛)</author>
      <license>
        <shortname>cc-sa-4.0</shortname>
        <fullname>Creative Commons - ShareAlike 4.0 International</fullname>
        <source>https://creativecommons.org/licenses/by-sa/4.0/</source>
      </license>
    </row>
    <row>
      <id>3003</id>
      <filename>present-make-infographic-icon.svg</filename>
      <source>www.dunjarama.com</source>
      <author>@Dunjarama (by Dunja Speckner💛)</author>
      <license>
        <shortname>cc-sa-4.0</shortname>
        <fullname>Creative Commons - ShareAlike 4.0 International</fullname>
        <source>https://creativecommons.org/licenses/by-sa/4.0/</source>
      </license>
    </row>
    <row>
      <id>3004</id>
      <filename>present-make-infographic-sketchnote.svg</filename>
      <source>www.dunjarama.com</source>
      <author>@Dunjarama (by Dunja Speckner💛)</author>
      <license>
        <shortname>cc-sa-4.0</shortname>
        <fullname>Creative Commons - ShareAlike 4.0 International</fullname>
        <source>https://creativecommons.org/licenses/by-sa/4.0/</source>
      </license>
    </row>
    <row>
      <id>3005</id>
      <filename>present-make-podcast-doodle.svg</filename>
      <source>www.dunjarama.com</source>
      <author>@Dunjarama (by Dunja Speckner💛)</author>
      <license>
        <shortname>cc-sa-4.0</shortname>
        <fullname>Creative Commons - ShareAlike 4.0 International</fullname>
        <source>https://creativecommons.org/licenses/by-sa/4.0/</source>
      </license>
    </row>
    <row>
      <id>3006</id>
      <filename>present-make-podcast-icon.svg</filename>
      <source>www.dunjarama.com</source>
      <author>@Dunjarama (by Dunja Speckner💛)</author>
      <license>
        <shortname>cc-sa-4.0</shortname>
        <fullname>Creative Commons - ShareAlike 4.0 International</fullname>
        <source>https://creativecommons.org/licenses/by-sa/4.0/</source>
      </license>
    </row>
    <row>
      <id>3007</id>
      <filename>present-make-podcast-sketchnote.svg</filename>
      <source>www.dunjarama.com</source>
      <author>@Dunjarama (by Dunja Speckner💛)</author>
      <license>
        <shortname>cc-sa-4.0</shortname>
        <fullname>Creative Commons - ShareAlike 4.0 International</fullname>
        <source>https://creativecommons.org/licenses/by-sa/4.0/</source>
      </license>
    </row>
    <row>
      <id>3008</id>
      <filename>present-make-video-doodle.svg</filename>
      <source>www.dunjarama.com</source>
      <author>@Dunjarama (by Dunja Speckner💛)</author>
      <license>
        <shortname>cc-sa-4.0</shortname>
        <fullname>Creative Commons - ShareAlike 4.0 International</fullname>
        <source>https://creativecommons.org/licenses/by-sa/4.0/</source>
      </license>
    </row>
    <row>
      <id>3009</id>
      <filename>present-make-video-icon.svg</filename>
      <source>www.dunjarama.com</source>
      <author>@Dunjarama (by Dunja Speckner💛)</author>
      <license>
        <shortname>cc-sa-4.0</shortname>
        <fullname>Creative Commons - ShareAlike 4.0 International</fullname>
        <source>https://creativecommons.org/licenses/by-sa/4.0/</source>
      </license>
    </row>
    <row>
      <id>3010</id>
      <filename>present-make-video-sketchnote.svg</filename>
      <source>www.dunjarama.com</source>
      <author>@Dunjarama (by Dunja Speckner💛)</author>
      <license>
        <shortname>cc-sa-4.0</shortname>
        <fullname>Creative Commons - ShareAlike 4.0 International</fullname>
        <source>https://creativecommons.org/licenses/by-sa/4.0/</source>
      </license>
    </row>
    <row>
      <id>3011</id>
      <filename>present-show1-doodle.svg</filename>
      <source>www.dunjarama.com</source>
      <author>@Dunjarama (by Dunja Speckner💛)</author>
      <license>
        <shortname>cc-sa-4.0</shortname>
        <fullname>Creative Commons - ShareAlike 4.0 International</fullname>
        <source>https://creativecommons.org/licenses/by-sa/4.0/</source>
      </license>
    </row>
    <row>
      <id>3012</id>
      <filename>present-show1-icon.svg</filename>
      <source>www.dunjarama.com</source>
      <author>@Dunjarama (by Dunja Speckner💛)</author>
      <license>
        <shortname>cc-sa-4.0</shortname>
        <fullname>Creative Commons - ShareAlike 4.0 International</fullname>
        <source>https://creativecommons.org/licenses/by-sa/4.0/</source>
      </license>
    </row>
    <row>
      <id>3013</id>
      <filename>present-show1-sketchnote.svg</filename>
      <source>www.dunjarama.com</source>
      <author>@Dunjarama (by Dunja Speckner💛)</author>
      <license>
        <shortname>cc-sa-4.0</shortname>
        <fullname>Creative Commons - ShareAlike 4.0 International</fullname>
        <source>https://creativecommons.org/licenses/by-sa/4.0/</source>
      </license>
    </row>
    <row>
      <id>3014</id>
      <filename>present-show2-doodle.svg</filename>
      <source>www.dunjarama.com</source>
      <author>@Dunjarama (by Dunja Speckner💛)</author>
      <license>
        <shortname>cc-sa-4.0</shortname>
        <fullname>Creative Commons - ShareAlike 4.0 International</fullname>
        <source>https://creativecommons.org/licenses/by-sa/4.0/</source>
      </license>
    </row>
    <row>
      <id>3015</id>
      <filename>present-show2-icon.svg</filename>
      <source>www.dunjarama.com</source>
      <author>@Dunjarama (by Dunja Speckner💛)</author>
      <license>
        <shortname>cc-sa-4.0</shortname>
        <fullname>Creative Commons - ShareAlike 4.0 International</fullname>
        <source>https://creativecommons.org/licenses/by-sa/4.0/</source>
      </license>
    </row>
    <row>
      <id>3016</id>
      <filename>present-show2-sketchnote.svg</filename>
      <source>www.dunjarama.com</source>
      <author>@Dunjarama (by Dunja Speckner💛)</author>
      <license>
        <shortname>cc-sa-4.0</shortname>
        <fullname>Creative Commons - ShareAlike 4.0 International</fullname>
        <source>https://creativecommons.org/licenses/by-sa/4.0/</source>
      </license>
    </row>
    <row>
      <id>3017</id>
      <filename>present-workbook-doodle.svg</filename>
      <source>www.dunjarama.com</source>
      <author>@Dunjarama (by Dunja Speckner💛)</author>
      <license>
        <shortname>cc-sa-4.0</shortname>
        <fullname>Creative Commons - ShareAlike 4.0 International</fullname>
        <source>https://creativecommons.org/licenses/by-sa/4.0/</source>
      </license>
    </row>
    <row>
      <id>3018</id>
      <filename>present-workbook-icon.svg</filename>
      <source>www.dunjarama.com</source>
      <author>@Dunjarama (by Dunja Speckner💛)</author>
      <license>
        <shortname>cc-sa-4.0</shortname>
        <fullname>Creative Commons - ShareAlike 4.0 International</fullname>
        <source>https://creativecommons.org/licenses/by-sa/4.0/</source>
      </license>
    </row>
    <row>
      <id>3019</id>
      <filename>present-workbook-sketchnote.svg</filename>
      <source>www.dunjarama.com</source>
      <author>@Dunjarama (by Dunja Speckner💛)</author>
      <license>
        <shortname>cc-sa-4.0</shortname>
        <fullname>Creative Commons - ShareAlike 4.0 International</fullname>
        <source>https://creativecommons.org/licenses/by-sa/4.0/</source>
      </license>
    </row>
    <row>
      <id>3020</id>
      <filename>present-write-doodle.svg</filename>
      <source>www.dunjarama.com</source>
      <author>@Dunjarama (by Dunja Speckner💛)</author>
      <license>
        <shortname>cc-sa-4.0</shortname>
        <fullname>Creative Commons - ShareAlike 4.0 International</fullname>
        <source>https://creativecommons.org/licenses/by-sa/4.0/</source>
      </license>
    </row>
    <row>
      <id>3021</id>
      <filename>present-write-icon.svg</filename>
      <source>www.dunjarama.com</source>
      <author>@Dunjarama (by Dunja Speckner💛)</author>
      <license>
        <shortname>cc-sa-4.0</shortname>
        <fullname>Creative Commons - ShareAlike 4.0 International</fullname>
        <source>https://creativecommons.org/licenses/by-sa/4.0/</source>
      </license>
    </row>
    <row>
      <id>3022</id>
      <filename>present-write-sketchnote.svg</filename>
      <source>www.dunjarama.com</source>
      <author>@Dunjarama (by Dunja Speckner💛)</author>
      <license>
        <shortname>cc-sa-4.0</shortname>
        <fullname>Creative Commons - ShareAlike 4.0 International</fullname>
        <source>https://creativecommons.org/licenses/by-sa/4.0/</source>
      </license>
    </row>
    <row>
      <id>3023</id>
      <filename>aks-brainstorming-doodle.svg</filename>
      <source>www.dunjarama.com</source>
      <author>@Dunjarama (by Dunja Speckner💛)</author>
      <license>
        <shortname>cc-sa-4.0</shortname>
        <fullname>Creative Commons - ShareAlike 4.0 International</fullname>
        <source>https://creativecommons.org/licenses/by-sa/4.0/</source>
      </license>
    </row>
    <row>
      <id>3025</id>
      <filename>aks-brainstorming-icon.svg</filename>
      <source>www.dunjarama.com</source>
      <author>@Dunjarama (by Dunja Speckner💛)</author>
      <license>
        <shortname>cc-sa-4.0</shortname>
        <fullname>Creative Commons - ShareAlike 4.0 International</fullname>
        <source>https://creativecommons.org/licenses/by-sa/4.0/</source>
      </license>
    </row>
    <row>
      <id>3026</id>
      <filename>aks-brainstorming-sketchnote.svg</filename>
      <source>www.dunjarama.com</source>
      <author>@Dunjarama (by Dunja Speckner💛)</author>
      <license>
        <shortname>cc-sa-4.0</shortname>
        <fullname>Creative Commons - ShareAlike 4.0 International</fullname>
        <source>https://creativecommons.org/licenses/by-sa/4.0/</source>
      </license>
    </row>
    <row>
      <id>3027</id>
      <filename>aks-flipped-classroom-doodle.svg</filename>
      <source>www.dunjarama.com</source>
      <author>@Dunjarama (by Dunja Speckner💛)</author>
      <license>
        <shortname>cc-sa-4.0</shortname>
        <fullname>Creative Commons - ShareAlike 4.0 International</fullname>
        <source>https://creativecommons.org/licenses/by-sa/4.0/</source>
      </license>
    </row>
    <row>
      <id>3028</id>
      <filename>aks-flipped-classroom-icon.svg</filename>
      <source>www.dunjarama.com</source>
      <author>@Dunjarama (by Dunja Speckner💛)</author>
      <license>
        <shortname>cc-sa-4.0</shortname>
        <fullname>Creative Commons - ShareAlike 4.0 International</fullname>
        <source>https://creativecommons.org/licenses/by-sa/4.0/</source>
      </license>
    </row>
    <row>
      <id>3029</id>
      <filename>aks-flipped-classroom-sketchnote.svg</filename>
      <source>www.dunjarama.com</source>
      <author>@Dunjarama (by Dunja Speckner💛)</author>
      <license>
        <shortname>cc-sa-4.0</shortname>
        <fullname>Creative Commons - ShareAlike 4.0 International</fullname>
        <source>https://creativecommons.org/licenses/by-sa/4.0/</source>
      </license>
    </row>
    <row>
      <id>3030</id>
      <filename>aks-online-discussion-doodle.svg</filename>
      <source>www.dunjarama.com</source>
      <author>@Dunjarama (by Dunja Speckner💛)</author>
      <license>
        <shortname>cc-sa-4.0</shortname>
        <fullname>Creative Commons - ShareAlike 4.0 International</fullname>
        <source>https://creativecommons.org/licenses/by-sa/4.0/</source>
      </license>
    </row>
    <row>
      <id>3031</id>
      <filename>aks-online-discussion-icon.svg</filename>
      <source>www.dunjarama.com</source>
      <author>@Dunjarama (by Dunja Speckner💛)</author>
      <license>
        <shortname>cc-sa-4.0</shortname>
        <fullname>Creative Commons - ShareAlike 4.0 International</fullname>
        <source>https://creativecommons.org/licenses/by-sa/4.0/</source>
      </license>
    </row>
    <row>
      <id>3032</id>
      <filename>aks-online-discussion-sketchnote.svg</filename>
      <source>www.dunjarama.com</source>
      <author>@Dunjarama (by Dunja Speckner💛)</author>
      <license>
        <shortname>cc-sa-4.0</shortname>
        <fullname>Creative Commons - ShareAlike 4.0 International</fullname>
        <source>https://creativecommons.org/licenses/by-sa/4.0/</source>
      </license>
    </row>
    <row>
      <id>3033</id>
      <filename>ask-digitals-survey-doodle.svg</filename>
      <source>www.dunjarama.com</source>
      <author>@Dunjarama (by Dunja Speckner💛)</author>
      <license>
        <shortname>cc-sa-4.0</shortname>
        <fullname>Creative Commons - ShareAlike 4.0 International</fullname>
        <source>https://creativecommons.org/licenses/by-sa/4.0/</source>
      </license>
    </row>
    <row>
      <id>3034</id>
      <filename>ask-digitals-survey-icon.svg</filename>
      <source>www.dunjarama.com</source>
      <author>@Dunjarama (by Dunja Speckner💛)</author>
      <license>
        <shortname>cc-sa-4.0</shortname>
        <fullname>Creative Commons - ShareAlike 4.0 International</fullname>
        <source>https://creativecommons.org/licenses/by-sa/4.0/</source>
      </license>
    </row>
    <row>
      <id>3035</id>
      <filename>ask-digitals-survey-sketchnote.svg</filename>
      <source>www.dunjarama.com</source>
      <author>@Dunjarama (by Dunja Speckner💛)</author>
      <license>
        <shortname>cc-sa-4.0</shortname>
        <fullname>Creative Commons - ShareAlike 4.0 International</fullname>
        <source>https://creativecommons.org/licenses/by-sa/4.0/</source>
      </license>
    </row>
    <row>
      <id>3036</id>
      <filename>ask-feedback-doodle.svg</filename>
      <source>www.dunjarama.com</source>
      <author>@Dunjarama (by Dunja Speckner💛)</author>
      <license>
        <shortname>cc-sa-4.0</shortname>
        <fullname>Creative Commons - ShareAlike 4.0 International</fullname>
        <source>https://creativecommons.org/licenses/by-sa/4.0/</source>
      </license>
    </row>
    <row>
      <id>3037</id>
      <filename>ask-feedback-icon.svg</filename>
      <source>www.dunjarama.com</source>
      <author>@Dunjarama (by Dunja Speckner💛)</author>
      <license>
        <shortname>cc-sa-4.0</shortname>
        <fullname>Creative Commons - ShareAlike 4.0 International</fullname>
        <source>https://creativecommons.org/licenses/by-sa/4.0/</source>
      </license>
    </row>
    <row>
      <id>3038</id>
      <filename>ask-feedback-sketchnote.svg</filename>
      <source>www.dunjarama.com</source>
      <author>@Dunjarama (by Dunja Speckner💛)</author>
      <license>
        <shortname>cc-sa-4.0</shortname>
        <fullname>Creative Commons - ShareAlike 4.0 International</fullname>
        <source>https://creativecommons.org/licenses/by-sa/4.0/</source>
      </license>
    </row>
    <row>
      <id>3039</id>
      <filename>ask-question-doodle.svg</filename>
      <source>www.dunjarama.com</source>
      <author>@Dunjarama (by Dunja Speckner💛)</author>
      <license>
        <shortname>cc-sa-4.0</shortname>
        <fullname>Creative Commons - ShareAlike 4.0 International</fullname>
        <source>https://creativecommons.org/licenses/by-sa/4.0/</source>
      </license>
    </row>
    <row>
      <id>3040</id>
      <filename>ask-question-icon.svg</filename>
      <source>www.dunjarama.com</source>
      <author>@Dunjarama (by Dunja Speckner💛)</author>
      <license>
        <shortname>cc-sa-4.0</shortname>
        <fullname>Creative Commons - ShareAlike 4.0 International</fullname>
        <source>https://creativecommons.org/licenses/by-sa/4.0/</source>
      </license>
    </row>
    <row>
      <id>3041</id>
      <filename>ask-question-sketchnote.svg</filename>
      <source>www.dunjarama.com</source>
      <author>@Dunjarama (by Dunja Speckner💛)</author>
      <license>
        <shortname>cc-sa-4.0</shortname>
        <fullname>Creative Commons - ShareAlike 4.0 International</fullname>
        <source>https://creativecommons.org/licenses/by-sa/4.0/</source>
      </license>
    </row>
    <row>
      <id>3042</id>
      <filename>aski-partnerinterview-doodle.svg</filename>
      <source>www.dunjarama.com</source>
      <author>@Dunjarama (by Dunja Speckner💛)</author>
      <license>
        <shortname>cc-sa-4.0</shortname>
        <fullname>Creative Commons - ShareAlike 4.0 International</fullname>
        <source>https://creativecommons.org/licenses/by-sa/4.0/</source>
      </license>
    </row>
    <row>
      <id>3043</id>
      <filename>aski-partnerinterview-icon.svg</filename>
      <source>www.dunjarama.com</source>
      <author>@Dunjarama (by Dunja Speckner💛)</author>
      <license>
        <shortname>cc-sa-4.0</shortname>
        <fullname>Creative Commons - ShareAlike 4.0 International</fullname>
        <source>https://creativecommons.org/licenses/by-sa/4.0/</source>
      </license>
    </row>
    <row>
      <id>3044</id>
      <filename>aski-partnerinterview-sketchnote.svg</filename>
      <source>www.dunjarama.com</source>
      <author>@Dunjarama (by Dunja Speckner💛)</author>
      <license>
        <shortname>cc-sa-4.0</shortname>
        <fullname>Creative Commons - ShareAlike 4.0 International</fullname>
        <source>https://creativecommons.org/licenses/by-sa/4.0/</source>
      </license>
    </row>
    <row>
      <id>3045</id>
      <filename>tip-aichatbot-doodle.svg</filename>
      <source>www.dunjarama.com</source>
      <author>@Dunjarama (by Dunja Speckner💛)</author>
      <license>
        <shortname>cc-sa-4.0</shortname>
        <fullname>Creative Commons - ShareAlike 4.0 International</fullname>
        <source>https://creativecommons.org/licenses/by-sa/4.0/</source>
      </license>
    </row>
    <row>
      <id>3047</id>
      <filename>tip-aichatbot-icon.svg</filename>
      <source>www.dunjarama.com</source>
      <author>@Dunjarama (by Dunja Speckner💛)</author>
      <license>
        <shortname>cc-sa-4.0</shortname>
        <fullname>Creative Commons - ShareAlike 4.0 International</fullname>
        <source>https://creativecommons.org/licenses/by-sa/4.0/</source>
      </license>
    </row>
    <row>
      <id>3048</id>
      <filename>tip-aichatbot-sketchnote.svg</filename>
      <source>www.dunjarama.com</source>
      <author>@Dunjarama (by Dunja Speckner💛)</author>
      <license>
        <shortname>cc-sa-4.0</shortname>
        <fullname>Creative Commons - ShareAlike 4.0 International</fullname>
        <source>https://creativecommons.org/licenses/by-sa/4.0/</source>
      </license>
    </row>
    <row>
      <id>3049</id>
      <filename>tip-cybersecurity-doodle.svg</filename>
      <source>www.dunjarama.com</source>
      <author>@Dunjarama (by Dunja Speckner💛)</author>
      <license>
        <shortname>cc-sa-4.0</shortname>
        <fullname>Creative Commons - ShareAlike 4.0 International</fullname>
        <source>https://creativecommons.org/licenses/by-sa/4.0/</source>
      </license>
    </row>
    <row>
      <id>3050</id>
      <filename>tip-cybersecurity-icon.svg</filename>
      <source>www.dunjarama.com</source>
      <author>@Dunjarama (by Dunja Speckner💛)</author>
      <license>
        <shortname>cc-sa-4.0</shortname>
        <fullname>Creative Commons - ShareAlike 4.0 International</fullname>
        <source>https://creativecommons.org/licenses/by-sa/4.0/</source>
      </license>
    </row>
    <row>
      <id>3051</id>
      <filename>tip-cybersecurity-sketchnote.svg</filename>
      <source>www.dunjarama.com</source>
      <author>@Dunjarama (by Dunja Speckner💛)</author>
      <license>
        <shortname>cc-sa-4.0</shortname>
        <fullname>Creative Commons - ShareAlike 4.0 International</fullname>
        <source>https://creativecommons.org/licenses/by-sa/4.0/</source>
      </license>
    </row>
    <row>
      <id>3052</id>
      <filename>tip-do-doodle.svg</filename>
      <source>www.dunjarama.com</source>
      <author>@Dunjarama (by Dunja Speckner💛)</author>
      <license>
        <shortname>cc-sa-4.0</shortname>
        <fullname>Creative Commons - ShareAlike 4.0 International</fullname>
        <source>https://creativecommons.org/licenses/by-sa/4.0/</source>
      </license>
    </row>
    <row>
      <id>3053</id>
      <filename>tip-do-icon.svg</filename>
      <source>www.dunjarama.com</source>
      <author>@Dunjarama (by Dunja Speckner💛)</author>
      <license>
        <shortname>cc-sa-4.0</shortname>
        <fullname>Creative Commons - ShareAlike 4.0 International</fullname>
        <source>https://creativecommons.org/licenses/by-sa/4.0/</source>
      </license>
    </row>
    <row>
      <id>3054</id>
      <filename>tip-do-sketchnote.svg</filename>
      <source>www.dunjarama.com</source>
      <author>@Dunjarama (by Dunja Speckner💛)</author>
      <license>
        <shortname>cc-sa-4.0</shortname>
        <fullname>Creative Commons - ShareAlike 4.0 International</fullname>
        <source>https://creativecommons.org/licenses/by-sa/4.0/</source>
      </license>
    </row>
    <row>
      <id>3055</id>
      <filename>tip-dontdo-doodle.svg</filename>
      <source>www.dunjarama.com</source>
      <author>@Dunjarama (by Dunja Speckner💛)</author>
      <license>
        <shortname>cc-sa-4.0</shortname>
        <fullname>Creative Commons - ShareAlike 4.0 International</fullname>
        <source>https://creativecommons.org/licenses/by-sa/4.0/</source>
      </license>
    </row>
    <row>
      <id>3056</id>
      <filename>tip-dontdo-icon.svg</filename>
      <source>www.dunjarama.com</source>
      <author>@Dunjarama (by Dunja Speckner💛)</author>
      <license>
        <shortname>cc-sa-4.0</shortname>
        <fullname>Creative Commons - ShareAlike 4.0 International</fullname>
        <source>https://creativecommons.org/licenses/by-sa/4.0/</source>
      </license>
    </row>
    <row>
      <id>3057</id>
      <filename>tip-dontdo-sketchnote.svg</filename>
      <source>www.dunjarama.com</source>
      <author>@Dunjarama (by Dunja Speckner💛)</author>
      <license>
        <shortname>cc-sa-4.0</shortname>
        <fullname>Creative Commons - ShareAlike 4.0 International</fullname>
        <source>https://creativecommons.org/licenses/by-sa/4.0/</source>
      </license>
    </row>
    <row>
      <id>3058</id>
      <filename>tip-netiquette-doodle.svg</filename>
      <source>www.dunjarama.com</source>
      <author>@Dunjarama (by Dunja Speckner💛)</author>
      <license>
        <shortname>cc-sa-4.0</shortname>
        <fullname>Creative Commons - ShareAlike 4.0 International</fullname>
        <source>https://creativecommons.org/licenses/by-sa/4.0/</source>
      </license>
    </row>
    <row>
      <id>3059</id>
      <filename>tip-netiquette-icon.svg</filename>
      <source>www.dunjarama.com</source>
      <author>@Dunjarama (by Dunja Speckner💛)</author>
      <license>
        <shortname>cc-sa-4.0</shortname>
        <fullname>Creative Commons - ShareAlike 4.0 International</fullname>
        <source>https://creativecommons.org/licenses/by-sa/4.0/</source>
      </license>
    </row>
    <row>
      <id>3060</id>
      <filename>tip-remember-doodle.svg</filename>
      <source>www.dunjarama.com</source>
      <author>@Dunjarama (by Dunja Speckner💛)</author>
      <license>
        <shortname>cc-sa-4.0</shortname>
        <fullname>Creative Commons - ShareAlike 4.0 International</fullname>
        <source>https://creativecommons.org/licenses/by-sa/4.0/</source>
      </license>
    </row>
    <row>
      <id>3061</id>
      <filename>tip-remember-icon.svg</filename>
      <source>www.dunjarama.com</source>
      <author>@Dunjarama (by Dunja Speckner💛)</author>
      <license>
        <shortname>cc-sa-4.0</shortname>
        <fullname>Creative Commons - ShareAlike 4.0 International</fullname>
        <source>https://creativecommons.org/licenses/by-sa/4.0/</source>
      </license>
    </row>
    <row>
      <id>3062</id>
      <filename>tip-remember-sketchnote.svg</filename>
      <source>www.dunjarama.com</source>
      <author>@Dunjarama (by Dunja Speckner💛)</author>
      <license>
        <shortname>cc-sa-4.0</shortname>
        <fullname>Creative Commons - ShareAlike 4.0 International</fullname>
        <source>https://creativecommons.org/licenses/by-sa/4.0/</source>
      </license>
    </row>
    <row>
      <id>3063</id>
      <filename>tip-tip-doodle.svg</filename>
      <source>www.dunjarama.com</source>
      <author>@Dunjarama (by Dunja Speckner💛)</author>
      <license>
        <shortname>cc-sa-4.0</shortname>
        <fullname>Creative Commons - ShareAlike 4.0 International</fullname>
        <source>https://creativecommons.org/licenses/by-sa/4.0/</source>
      </license>
    </row>
    <row>
      <id>3064</id>
      <filename>tip-tip-icon.svg</filename>
      <source>www.dunjarama.com</source>
      <author>@Dunjarama (by Dunja Speckner💛)</author>
      <license>
        <shortname>cc-nc-4.0</shortname>
        <fullname>Creative Commons - NonCommercial 4.0 International</fullname>
        <source>https://creativecommons.org/licenses/by-nc/4.0/</source>
      </license>
    </row>
    <row>
      <id>3065</id>
      <filename>tip-tip-sketchnote.svg</filename>
      <source>www.dunjarama.com</source>
      <author>@Dunjarama (by Dunja Speckner💛)</author>
      <license>
        <shortname>cc-sa-4.0</shortname>
        <fullname>Creative Commons - ShareAlike 4.0 International</fullname>
        <source>https://creativecommons.org/licenses/by-sa/4.0/</source>
      </license>
    </row>
    <row>
      <id>3066</id>
      <filename>tip-warning-doodle.svg</filename>
      <source>www.dunjarama.com</source>
      <author>@Dunjarama (by Dunja Speckner💛)</author>
      <license>
        <shortname>cc-sa-4.0</shortname>
        <fullname>Creative Commons - ShareAlike 4.0 International</fullname>
        <source>https://creativecommons.org/licenses/by-sa/4.0/</source>
      </license>
    </row>
    <row>
      <id>3067</id>
      <filename>tip-warning-icon.svg</filename>
      <source>www.dunjarama.com</source>
      <author>@Dunjarama (by Dunja Speckner💛)</author>
      <license>
        <shortname>cc-sa-4.0</shortname>
        <fullname>Creative Commons - ShareAlike 4.0 International</fullname>
        <source>https://creativecommons.org/licenses/by-sa/4.0/</source>
      </license>
    </row>
    <row>
      <id>3068</id>
      <filename>tip-warning-sketchnote.svg</filename>
      <source>www.dunjarama.com</source>
      <author>@Dunjarama (by Dunja Speckner💛)</author>
      <license>
        <shortname>cc-sa-4.0</shortname>
        <fullname>Creative Commons - ShareAlike 4.0 International</fullname>
        <source>https://creativecommons.org/licenses/by-sa/4.0/</source>
      </license>
    </row>
    <row>
      <id>3069</id>
      <filename>1-coffebreak.svg</filename>
      <source>www.dunjarama.com</source>
      <author>@Dunjarama (by Dunja Speckner💛)</author>
      <license>
        <shortname>cc-sa-4.0</shortname>
        <fullname>Creative Commons - ShareAlike 4.0 International</fullname>
        <source>https://creativecommons.org/licenses/by-sa/4.0/</source>
      </license>
    </row>
    <row>
      <id>3071</id>
      <filename>2-hummingbird-moment.svg</filename>
      <source>www.dunjarama.com</source>
      <author>@Dunjarama (by Dunja Speckner💛)</author>
      <license>
        <shortname>cc-sa-4.0</shortname>
        <fullname>Creative Commons - ShareAlike 4.0 International</fullname>
        <source>https://creativecommons.org/licenses/by-sa/4.0/</source>
      </license>
    </row>
    <row>
      <id>3072</id>
      <filename>3-catbreak.svg</filename>
      <source>www.dunjarama.com</source>
      <author>@Dunjarama (by Dunja Speckner💛)</author>
      <license>
        <shortname>cc-sa-4.0</shortname>
        <fullname>Creative Commons - ShareAlike 4.0 International</fullname>
        <source>https://creativecommons.org/licenses/by-sa/4.0/</source>
      </license>
    </row>
    <row>
      <id>3073</id>
      <filename>4-dreaming.svg</filename>
      <source>www.dunjarama.com</source>
      <author>@Dunjarama (by Dunja Speckner💛)</author>
      <license>
        <shortname>cc-sa-4.0</shortname>
        <fullname>Creative Commons - ShareAlike 4.0 International</fullname>
        <source>https://creativecommons.org/licenses/by-sa/4.0/</source>
      </license>
    </row>
    <row>
      <id>3074</id>
      <filename>5-recharge.svg</filename>
      <source>www.dunjarama.com</source>
      <author>@Dunjarama (by Dunja Speckner💛)</author>
      <license>
        <shortname>cc-sa-4.0</shortname>
        <fullname>Creative Commons - ShareAlike 4.0 International</fullname>
        <source>https://creativecommons.org/licenses/by-sa/4.0/</source>
      </license>
    </row>
    <row>
      <id>3075</id>
      <filename>6-reading-break.svg</filename>
      <source>www.dunjarama.com</source>
      <author>@Dunjarama (by Dunja Speckner💛)</author>
      <license>
        <shortname>cc-sa-4.0</shortname>
        <fullname>Creative Commons - ShareAlike 4.0 International</fullname>
        <source>https://creativecommons.org/licenses/by-sa/4.0/</source>
      </license>
    </row>
    <row>
      <id>3076</id>
      <filename>7-relax-under-a-tree.svg</filename>
      <source>www.dunjarama.com</source>
      <author>@Dunjarama (by Dunja Speckner💛)</author>
      <license>
        <shortname>cc-sa-4.0</shortname>
        <fullname>Creative Commons - ShareAlike 4.0 International</fullname>
        <source>https://creativecommons.org/licenses/by-sa/4.0/</source>
      </license>
    </row>
    <row>
      <id>3077</id>
      <filename>8-go-outside.svg</filename>
      <source>www.dunjarama.com</source>
      <author>@Dunjarama (by Dunja Speckner💛)</author>
      <license>
        <shortname>cc-sa-4.0</shortname>
        <fullname>Creative Commons - ShareAlike 4.0 International</fullname>
        <source>https://creativecommons.org/licenses/by-sa/4.0/</source>
      </license>
    </row>
  </sketchpals>
</tiny_elements_files_with_license>