<?xml version="1.0" encoding="UTF-8"?>
<tiny_elements_files_with_license>
  <c4l id="3">
    <row>
      <id>2880</id>
      <filename>c4l_allpurposecard_icon.svg</filename>
      <source>https://github.com/reskit/moodle-tiny_c4l/</source>
      <author>Roger Segú</author>
      <license>
        <shortname>GPLv3</shortname>
        <fullname>GPL-3.0 license</fullname>
        <source>https://www.gnu.org/licenses/gpl-3.0</source>
      </license>
    </row>
    <row>
      <id>2882</id>
      <filename>c4l_attention.svg</filename>
      <source>https://github.com/reskit/moodle-tiny_c4l/</source>
      <author>Roger Segú</author>
      <license>
        <shortname>GPLv3</shortname>
        <fullname>GPL-3.0 license</fullname>
        <source>https://www.gnu.org/licenses/gpl-3.0</source>
      </license>
    </row>
    <row>
      <id>2883</id>
      <filename>c4l_attention_icon.svg</filename>
      <source>https://github.com/reskit/moodle-tiny_c4l/</source>
      <author>Roger Segú</author>
      <license>
        <shortname>GPLv3</shortname>
        <fullname>GPL-3.0 license</fullname>
        <source>https://www.gnu.org/licenses/gpl-3.0</source>
      </license>
    </row>
    <row>
      <id>2884</id>
      <filename>c4l_docard.svg</filename>
      <source>https://github.com/reskit/moodle-tiny_c4l/</source>
      <author>Roger Segú</author>
      <license>
        <shortname>GPLv3</shortname>
        <fullname>GPL-3.0 license</fullname>
        <source>https://www.gnu.org/licenses/gpl-3.0</source>
      </license>
    </row>
    <row>
      <id>2885</id>
      <filename>c4l_dodontcards_icon.svg</filename>
      <source>https://github.com/reskit/moodle-tiny_c4l/</source>
      <author>Roger Segú</author>
      <license>
        <shortname>GPLv3</shortname>
        <fullname>GPL-3.0 license</fullname>
        <source>https://www.gnu.org/licenses/gpl-3.0</source>
      </license>
    </row>
    <row>
      <id>2886</id>
      <filename>c4l_dontcard.svg</filename>
      <source>https://github.com/reskit/moodle-tiny_c4l/</source>
      <author>Roger Segú</author>
      <license>
        <shortname>GPLv3</shortname>
        <fullname>GPL-3.0 license</fullname>
        <source>https://www.gnu.org/licenses/gpl-3.0</source>
      </license>
    </row>
    <row>
      <id>2887</id>
      <filename>c4l_example_icon.svg</filename>
      <source>https://github.com/reskit/moodle-tiny_c4l/</source>
      <author>Roger Segú</author>
      <license>
        <shortname>GPLv3</shortname>
        <fullname>GPL-3.0 license</fullname>
        <source>https://www.gnu.org/licenses/gpl-3.0</source>
      </license>
    </row>
    <row>
      <id>2888</id>
      <filename>c4l_figure_icon.svg</filename>
      <source>https://github.com/reskit/moodle-tiny_c4l/</source>
      <author>Roger Segú</author>
      <license>
        <shortname>GPLv3</shortname>
        <fullname>GPL-3.0 license</fullname>
        <source>https://www.gnu.org/licenses/gpl-3.0</source>
      </license>
    </row>
    <row>
      <id>2889</id>
      <filename>c4l_figure_placeholder.svg</filename>
      <source>https://github.com/reskit/moodle-tiny_c4l/</source>
      <author>Roger Segú</author>
      <license>
        <shortname>GPLv3</shortname>
        <fullname>GPL-3.0 license</fullname>
        <source>https://www.gnu.org/licenses/gpl-3.0</source>
      </license>
    </row>
    <row>
      <id>2890</id>
      <filename>c4l_inlinetag_icon.svg</filename>
      <source>https://github.com/reskit/moodle-tiny_c4l/</source>
      <author>Roger Segú</author>
      <license>
        <shortname>GPLv3</shortname>
        <fullname>GPL-3.0 license</fullname>
        <source>https://www.gnu.org/licenses/gpl-3.0</source>
      </license>
    </row>
    <row>
      <id>2891</id>
      <filename>c4l_learningoutcomes_icon.svg</filename>
      <source>https://github.com/reskit/moodle-tiny_c4l/</source>
      <author>Roger Segú</author>
      <license>
        <shortname>GPLv3</shortname>
        <fullname>GPL-3.0 license</fullname>
        <source>https://www.gnu.org/licenses/gpl-3.0</source>
      </license>
    </row>
    <row>
      <id>2892</id>
      <filename>c4l_learningoutcomes_list_item.svg</filename>
      <source>https://github.com/reskit/moodle-tiny_c4l/</source>
      <author>Roger Segú</author>
      <license>
        <shortname>GPLv3</shortname>
        <fullname>GPL-3.0 license</fullname>
        <source>https://www.gnu.org/licenses/gpl-3.0</source>
      </license>
    </row>
    <row>
      <id>2893</id>
      <filename>c4l_learningoutcomes_shadow.svg</filename>
      <source>https://github.com/reskit/moodle-tiny_c4l/</source>
      <author>Roger Segú</author>
      <license>
        <shortname>GPLv3</shortname>
        <fullname>GPL-3.0 license</fullname>
        <source>https://www.gnu.org/licenses/gpl-3.0</source>
      </license>
    </row>
    <row>
      <id>2894</id>
      <filename>c4l_multipurposecard_icon.svg</filename>
      <source>https://github.com/reskit/moodle-tiny_c4l/</source>
      <author>Roger Segú</author>
      <license>
        <shortname>GPLv3</shortname>
        <fullname>GPL-3.0 license</fullname>
        <source>https://www.gnu.org/licenses/gpl-3.0</source>
      </license>
    </row>
    <row>
      <id>2895</id>
      <filename>c4l_preview_icon.svg</filename>
      <source>https://github.com/reskit/moodle-tiny_c4l/</source>
      <author>Roger Segú</author>
      <license>
        <shortname>GPLv3</shortname>
        <fullname>GPL-3.0 license</fullname>
        <source>https://www.gnu.org/licenses/gpl-3.0</source>
      </license>
    </row>
    <row>
      <id>2896</id>
      <filename>c4l_proceduralcontext_icon.svg</filename>
      <source>https://github.com/reskit/moodle-tiny_c4l/</source>
      <author>Roger Segú</author>
      <license>
        <shortname>GPLv3</shortname>
        <fullname>GPL-3.0 license</fullname>
        <source>https://www.gnu.org/licenses/gpl-3.0</source>
      </license>
    </row>
    <row>
      <id>2897</id>
      <filename>c4l_duedate.svg</filename>
      <source>https://thenounproject.com/icon/date-1272092/</source>
      <author>Karan</author>
      <license>
        <shortname>cc-4.0</shortname>
        <fullname>Creative Commons - 4.0 International</fullname>
        <source>https://creativecommons.org/licenses/by/4.0/</source>
      </license>
    </row>
    <row>
      <id>2899</id>
      <filename>c4l_duedate_icon.svg</filename>
      <source>https://thenounproject.com/icon/date-1272092/</source>
      <author>Karan</author>
      <license>
        <shortname>cc-4.0</shortname>
        <fullname>Creative Commons - 4.0 International</fullname>
        <source>https://creativecommons.org/licenses/by/4.0/</source>
      </license>
    </row>
    <row>
      <id>2900</id>
      <filename>c4l_estimatedtime.svg</filename>
      <source>https://thenounproject.com/icon/estimate-1061038/</source>
      <author>xwoodhillx</author>
      <license>
        <shortname>cc-4.0</shortname>
        <fullname>Creative Commons - 4.0 International</fullname>
        <source>https://creativecommons.org/licenses/by/4.0/</source>
      </license>
    </row>
    <row>
      <id>2901</id>
      <filename>c4l_estimatedtime_icon.svg</filename>
      <source>https://thenounproject.com/icon/clock-2310543/</source>
      <author>Aybige</author>
      <license>
        <shortname>cc-4.0</shortname>
        <fullname>Creative Commons - 4.0 International</fullname>
        <source>https://creativecommons.org/licenses/by/4.0/</source>
      </license>
    </row>
    <row>
      <id>2902</id>
      <filename>c4l_expectedfeedback.svg</filename>
      <source>https://github.com/reskit/moodle-tiny_c4l/</source>
      <author>Roger Segú</author>
      <license>
        <shortname>GPLv3</shortname>
        <fullname>GPL-3.0 license</fullname>
        <source>https://www.gnu.org/licenses/gpl-3.0</source>
      </license>
    </row>
    <row>
      <id>2903</id>
      <filename>c4l_expectedfeedback_icon.svg</filename>
      <source>https://thenounproject.com/icon/feedback-651868/</source>
      <author>dilayorganci</author>
      <license>
        <shortname>cc-4.0</shortname>
        <fullname>Creative Commons - 4.0 International</fullname>
        <source>https://creativecommons.org/licenses/by/4.0/</source>
      </license>
    </row>
    <row>
      <id>2904</id>
      <filename>c4l_gradingvalue.svg</filename>
      <source>https://thenounproject.com/icon/star-1368720/</source>
      <author>Zaff Studio</author>
      <license>
        <shortname>cc-4.0</shortname>
        <fullname>Creative Commons - 4.0 International</fullname>
        <source>https://creativecommons.org/licenses/by/4.0/</source>
      </license>
    </row>
    <row>
      <id>2905</id>
      <filename>c4l_gradingvalue_icon.svg</filename>
      <source>https://thenounproject.com/icon/star-1368720/</source>
      <author>Zaff Studio</author>
      <license>
        <shortname>cc-4.0</shortname>
        <fullname>Creative Commons - 4.0 International</fullname>
        <source>https://creativecommons.org/licenses/by/4.0/</source>
      </license>
    </row>
    <row>
      <id>2906</id>
      <filename>c4l_keyconcept_icon.svg</filename>
      <source>https://thenounproject.com/icon/success-3405499/</source>
      <author>Alice Design</author>
      <license>
        <shortname>cc-4.0</shortname>
        <fullname>Creative Commons - 4.0 International</fullname>
        <source>https://creativecommons.org/licenses/by/4.0/</source>
      </license>
    </row>
    <row>
      <id>2907</id>
      <filename>c4l_quote_close.svg</filename>
      <source>https://thenounproject.com/icon/quote-77920/</source>
      <author>Rohith M S</author>
      <license>
        <shortname>cc-4.0</shortname>
        <fullname>Creative Commons - 4.0 International</fullname>
        <source>https://creativecommons.org/licenses/by/4.0/</source>
      </license>
    </row>
    <row>
      <id>2908</id>
      <filename>c4l_quote_icon.svg</filename>
      <source>https://thenounproject.com/icon/quote-77920/</source>
      <author>Rohith M S</author>
      <license>
        <shortname>cc-4.0</shortname>
        <fullname>Creative Commons - 4.0 International</fullname>
        <source>https://creativecommons.org/licenses/by/4.0/</source>
      </license>
    </row>
    <row>
      <id>2909</id>
      <filename>c4l_quote_open.svg</filename>
      <source>https://thenounproject.com/icon/quote-77920/</source>
      <author>Rohith M S</author>
      <license>
        <shortname>cc-4.0</shortname>
        <fullname>Creative Commons - 4.0 International</fullname>
        <source>https://creativecommons.org/licenses/by/4.0/</source>
      </license>
    </row>
    <row>
      <id>2910</id>
      <filename>c4l_readingcontext_icon.svg</filename>
      <source>https://github.com/reskit/moodle-tiny_c4l/</source>
      <author>Austin Condiff</author>
      <license>
        <shortname>GPLv3</shortname>
        <fullname>GPL-3.0 license</fullname>
        <source>https://www.gnu.org/licenses/gpl-3.0</source>
      </license>
    </row>
    <row>
      <id>2911</id>
      <filename>c4l_reminder.svg</filename>
      <source>https://thenounproject.com/icon/pin-689105/</source>
      <author>Icons fest</author>
      <license>
        <shortname>cc-4.0</shortname>
        <fullname>Creative Commons - 4.0 International</fullname>
        <source>https://creativecommons.org/licenses/by/4.0/</source>
      </license>
    </row>
    <row>
      <id>2912</id>
      <filename>c4l_reminder_icon.svg</filename>
      <source>https://thenounproject.com/icon/pin-689105/</source>
      <author>Icons fest</author>
      <license>
        <shortname>cc-4.0</shortname>
        <fullname>Creative Commons - 4.0 International</fullname>
        <source>https://creativecommons.org/licenses/by/4.0/</source>
      </license>
    </row>
    <row>
      <id>2913</id>
      <filename>c4l_tag_icon.svg</filename>
      <source>https://thenounproject.com/icon/tag-938953/</source>
      <author>Ananth</author>
      <license>
        <shortname>cc-4.0</shortname>
        <fullname>Creative Commons - 4.0 International</fullname>
        <source>https://creativecommons.org/licenses/by/4.0/</source>
      </license>
    </row>
    <row>
      <id>2914</id>
      <filename>c4l_tip.svg</filename>
      <source>https://github.com/reskit/moodle-tiny_c4l/</source>
      <author>Roger Segú</author>
      <license>
        <shortname>GPLv3</shortname>
        <fullname>GPL-3.0 license</fullname>
        <source>https://www.gnu.org/licenses/gpl-3.0</source>
      </license>
    </row>
    <row>
      <id>2915</id>
      <filename>c4l_tip_icon.svg</filename>
      <source>https://github.com/reskit/moodle-tiny_c4l/</source>
      <author> Adrien Coquet</author>
      <license>
        <shortname>GPLv3</shortname>
        <fullname>GPL-3.0 license</fullname>
        <source>https://www.gnu.org/licenses/gpl-3.0</source>
      </license>
    </row>
    <row>
      <id>2916</id>
      <filename>align-center-variant-off.svg</filename>
      <source>https://thenounproject.com/icon/bulb-1175583/</source>
      <author>Roger Segú</author>
      <license>
        <shortname>cc-4.0</shortname>
        <fullname>Creative Commons - 4.0 International</fullname>
        <source>https://creativecommons.org/licenses/by/4.0/</source>
      </license>
    </row>
    <row>
      <id>2918</id>
      <filename>align-center-variant-on.svg</filename>
      <source>https://github.com/reskit/moodle-tiny_c4l/</source>
      <author>Roger Segú</author>
      <license>
        <shortname>GPLv3</shortname>
        <fullname>GPL-3.0 license</fullname>
        <source>https://www.gnu.org/licenses/gpl-3.0</source>
      </license>
    </row>
    <row>
      <id>2919</id>
      <filename>align-left-variant-off.svg</filename>
      <source>https://github.com/reskit/moodle-tiny_c4l/</source>
      <author>Roger Segú</author>
      <license>
        <shortname>GPLv3</shortname>
        <fullname>GPL-3.0 license</fullname>
        <source>https://www.gnu.org/licenses/gpl-3.0</source>
      </license>
    </row>
    <row>
      <id>2920</id>
      <filename>align-left-variant-on.svg</filename>
      <source>https://github.com/reskit/moodle-tiny_c4l/</source>
      <author>Roger Segú</author>
      <license>
        <shortname>GPLv3</shortname>
        <fullname>GPL-3.0 license</fullname>
        <source>https://www.gnu.org/licenses/gpl-3.0</source>
      </license>
    </row>
    <row>
      <id>2921</id>
      <filename>align-right-variant-off.svg</filename>
      <source>https://github.com/reskit/moodle-tiny_c4l/</source>
      <author>Roger Segú</author>
      <license>
        <shortname>GPLv3</shortname>
        <fullname>GPL-3.0 license</fullname>
        <source>https://www.gnu.org/licenses/gpl-3.0</source>
      </license>
    </row>
    <row>
      <id>2922</id>
      <filename>align-right-variant-on.svg</filename>
      <source>https://github.com/reskit/moodle-tiny_c4l/</source>
      <author>Roger Segú</author>
      <license>
        <shortname>GPLv3</shortname>
        <fullname>GPL-3.0 license</fullname>
        <source>https://www.gnu.org/licenses/gpl-3.0</source>
      </license>
    </row>
    <row>
      <id>2923</id>
      <filename>caption-variant-off.svg</filename>
      <source>https://github.com/reskit/moodle-tiny_c4l/</source>
      <author>Roger Segú</author>
      <license>
        <shortname>GPLv3</shortname>
        <fullname>GPL-3.0 license</fullname>
        <source>https://www.gnu.org/licenses/gpl-3.0</source>
      </license>
    </row>
    <row>
      <id>2924</id>
      <filename>caption-variant-on.svg</filename>
      <source>https://github.com/reskit/moodle-tiny_c4l/</source>
      <author>Roger Segú</author>
      <license>
        <shortname>GPLv3</shortname>
        <fullname>GPL-3.0 license</fullname>
        <source>https://www.gnu.org/licenses/gpl-3.0</source>
      </license>
    </row>
    <row>
      <id>2925</id>
      <filename>comfort-reading-variant-off.svg</filename>
      <source>https://github.com/reskit/moodle-tiny_c4l/</source>
      <author>Roger Segú</author>
      <license>
        <shortname>GPLv3</shortname>
        <fullname>GPL-3.0 license</fullname>
        <source>https://www.gnu.org/licenses/gpl-3.0</source>
      </license>
    </row>
    <row>
      <id>2926</id>
      <filename>comfort-reading-variant-on.svg</filename>
      <source>https://github.com/reskit/moodle-tiny_c4l/</source>
      <author>Roger Segú</author>
      <license>
        <shortname>GPLv3</shortname>
        <fullname>GPL-3.0 license</fullname>
        <source>https://www.gnu.org/licenses/gpl-3.0</source>
      </license>
    </row>
    <row>
      <id>2927</id>
      <filename>dont-card-only-variant-off.svg</filename>
      <source>https://github.com/reskit/moodle-tiny_c4l/</source>
      <author>Roger Segú</author>
      <license>
        <shortname>GPLv3</shortname>
        <fullname>GPL-3.0 license</fullname>
        <source>https://www.gnu.org/licenses/gpl-3.0</source>
      </license>
    </row>
    <row>
      <id>2928</id>
      <filename>dont-card-only-variant-on.svg</filename>
      <source>https://github.com/reskit/moodle-tiny_c4l/</source>
      <author>Roger Segú</author>
      <license>
        <shortname>GPLv3</shortname>
        <fullname>GPL-3.0 license</fullname>
        <source>https://www.gnu.org/licenses/gpl-3.0</source>
      </license>
    </row>
    <row>
      <id>2929</id>
      <filename>full-width-variant-off.svg</filename>
      <source>https://github.com/reskit/moodle-tiny_c4l/</source>
      <author>Roger Segú</author>
      <license>
        <shortname>GPLv3</shortname>
        <fullname>GPL-3.0 license</fullname>
        <source>https://www.gnu.org/licenses/gpl-3.0</source>
      </license>
    </row>
    <row>
      <id>2930</id>
      <filename>full-width-variant-on.svg</filename>
      <source>https://github.com/reskit/moodle-tiny_c4l/</source>
      <author>Roger Segú</author>
      <license>
        <shortname>GPLv3</shortname>
        <fullname>GPL-3.0 license</fullname>
        <source>https://www.gnu.org/licenses/gpl-3.0</source>
      </license>
    </row>
    <row>
      <id>2931</id>
      <filename>ordered-list-variant-off.svg</filename>
      <source>https://github.com/reskit/moodle-tiny_c4l/</source>
      <author>Roger Segú</author>
      <license>
        <shortname>GPLv3</shortname>
        <fullname>GPL-3.0 license</fullname>
        <source>https://www.gnu.org/licenses/gpl-3.0</source>
      </license>
    </row>
    <row>
      <id>2932</id>
      <filename>ordered-list-variant-on.svg</filename>
      <source>https://github.com/reskit/moodle-tiny_c4l/</source>
      <author>Roger Segú</author>
      <license>
        <shortname>GPLv3</shortname>
        <fullname>GPL-3.0 license</fullname>
        <source>https://www.gnu.org/licenses/gpl-3.0</source>
      </license>
    </row>
    <row>
      <id>2933</id>
      <filename>quote-variant-off.svg</filename>
      <source>https://github.com/reskit/moodle-tiny_c4l/</source>
      <author>Roger Segú</author>
      <license>
        <shortname>GPLv3</shortname>
        <fullname>GPL-3.0 license</fullname>
        <source>https://www.gnu.org/licenses/gpl-3.0</source>
      </license>
    </row>
    <row>
      <id>2934</id>
      <filename>quote-variant-on.svg</filename>
      <source>https://github.com/reskit/moodle-tiny_c4l/</source>
      <author>Roger Segú</author>
      <license>
        <shortname>GPLv3</shortname>
        <fullname>GPL-3.0 license</fullname>
        <source>https://www.gnu.org/licenses/gpl-3.0</source>
      </license>
    </row>
  </c4l>
</tiny_elements_files_with_license>